<?xml version="1.0" encoding="UTF-8" ?>
<!DOCTYPE mapper
        PUBLIC "-//mybatis.org//DTD Mapper 3.0//EN"
        "http://mybatis.org/dtd/mybatis-3-mapper.dtd">
<mapper namespace="com.zb.mapper.ClassificationtypeMapper">

    <select id="getClassificationtypeById" resultType="com.zb.pojo.Classificationtype">
        select
                id as id,
                typeName as typeName,
                directionId as directionId
        from classificationtype
        <trim prefix="where" prefixOverrides="and | or">
            <if test="id != null">
                and id=#{id}
            </if>
        </trim>
    </select>

    <select id="getClassificationtypeListByMap" resultType="com.zb.pojo.Classificationtype" parameterType="java.util.Map">
        select
                id as id,
                typeName as typeName,
                directionId as directionId
        from classificationtype
        <trim prefix="where" prefixOverrides="and | or">
                <if test="id != null and id!=''">
                    and id=#{id}
                </if>
                <if test="typeName != null and typeName!=''">
                    and typeName=#{typeName}
                </if>
                <if test="directionId != null and directionId!=''">
                    and directionId=#{directionId}
                </if>
        </trim>
        <if test="beginPos != null and pageSize != null ">
            limit #{beginPos},#{pageSize}
        </if>
    </select>

    <select id="getClassificationtypeCountByMap" resultType="Integer"  parameterType="java.util.Map">
        select count(*) from classificationtype
        <trim prefix="where" prefixOverrides="and | or">
                <if test="id != null and id!=''">
                    and id=#{id}
                </if>
                <if test="typeName != null and typeName!=''">
                    and typeName=#{typeName}
                </if>
                <if test="directionId != null and directionId!=''">
                    and directionId=#{directionId}
                </if>
        </trim>
    </select>

    <insert id="insertClassificationtype" parameterType="com.zb.pojo.Classificationtype">
        insert into classificationtype(
                        typeName,
                        directionId)
        values(
                     #{typeName},
                    #{directionId})
    </insert>

    <update id="updateClassificationtype" parameterType="com.zb.pojo.Classificationtype">
        update classificationtype
        <trim prefix="set" suffixOverrides="," suffix="where id=#{id}">
                        <if test="typeName != null and typeName!=''">
                            typeName=#{typeName},
                        </if>
                        <if test="directionId != null and directionId!=''">
                            directionId=#{directionId}
                        </if>
        </trim>
    </update>
</mapper>