<?xml version="1.0" encoding="UTF-8" ?>
<!DOCTYPE mapper
        PUBLIC "-//mybatis.org//DTD Mapper 3.0//EN"
        "http://mybatis.org/dtd/mybatis-3-mapper.dtd">
<mapper namespace="com.zb.mapper.ExpenditureMapper">

    <select id="getExpenditureById" resultType="com.zb.pojo.Expenditure">
        select
                id as id,
                userId as userId,
                expenditure as expenditure,
                zhichutime as zhichutime,
                remarks as remarks,
                paychannel as paychannel,
                method as method
        from expenditure
        <trim prefix="where" prefixOverrides="and | or">
            <if test="id != null">
                and id=#{id}
            </if>
        </trim>
    </select>

    <select id="getExpenditureListByMap" resultType="com.zb.pojo.Expenditure" parameterType="java.util.Map">
        select
                id as id,
                userId as userId,
                expenditure as expenditure,
                zhichutime as zhichutime,
                remarks as remarks,
                paychannel as paychannel,
                method as method
        from expenditure
        <trim prefix="where" prefixOverrides="and | or">
                <if test="id != null and id!=''">
                    and id=#{id}
                </if>
                <if test="userId != null and userId!=''">
                    and userId=#{userId}
                </if>
                <if test="expenditure != null and expenditure!=''">
                    and expenditure=#{expenditure}
                </if>
                <if test="zhichutime != null and zhichutime!=''">
                    and zhichutime=#{zhichutime}
                </if>
                <if test="remarks != null and remarks!=''">
                    and remarks=#{remarks}
                </if>
                <if test="paychannel != null and paychannel!=''">
                    and paychannel=#{paychannel}
                </if>
                <if test="method != null and method!=''">
                    and method=#{method}
                </if>
        </trim>
        <if test="beginPos != null and pageSize != null ">
            limit #{beginPos},#{pageSize}
        </if>
    </select>

    <select id="getExpenditureCountByMap" resultType="Integer"  parameterType="java.util.Map">
        select count(*) from expenditure
        <trim prefix="where" prefixOverrides="and | or">
                <if test="id != null and id!=''">
                    and id=#{id}
                </if>
                <if test="userId != null and userId!=''">
                    and userId=#{userId}
                </if>
                <if test="expenditure != null and expenditure!=''">
                    and expenditure=#{expenditure}
                </if>
                <if test="zhichutime != null and zhichutime!=''">
                    and zhichutime=#{zhichutime}
                </if>
                <if test="remarks != null and remarks!=''">
                    and remarks=#{remarks}
                </if>
                <if test="paychannel != null and paychannel!=''">
                    and paychannel=#{paychannel}
                </if>
                <if test="method != null and method!=''">
                    and method=#{method}
                </if>
        </trim>
    </select>

    <insert id="insertExpenditure" parameterType="com.zb.pojo.Expenditure">
        insert into expenditure(
                        userId,
                        expenditure,
                        zhichutime,
                        remarks,
                        paychannel,
                        method)
        values(
                     #{userId},
                     #{expenditure},
                     #{zhichutime},
                     #{remarks},
                     #{paychannel},
                    #{method})
    </insert>

    <update id="updateExpenditure" parameterType="com.zb.pojo.Expenditure">
        update expenditure
        <trim prefix="set" suffixOverrides="," suffix="where id=#{id}">
                        <if test="userId != null and userId!=''">
                            userId=#{userId},
                        </if>
                        <if test="expenditure != null and expenditure!=''">
                            expenditure=#{expenditure},
                        </if>
                        <if test="zhichutime != null and zhichutime!=''">
                            zhichutime=#{zhichutime},
                        </if>
                        <if test="remarks != null and remarks!=''">
                            remarks=#{remarks},
                        </if>
                        <if test="paychannel != null and paychannel!=''">
                            paychannel=#{paychannel},
                        </if>
                        <if test="method != null and method!=''">
                            method=#{method}
                        </if>
        </trim>
    </update>
</mapper>